Stock Exchange Short,Stock Exchange Long,Timezone Name
AEX,Euronext Amsterdam,Europe/Amsterdam
ASX,Australian Securities Exchange,Australia/Sydney
BCBA,Buenos Aires Stock Exchange,America/Argentina/Buenos_Aires
BIST,Istanbul Stock Exchange,Europe/Istanbul
BME,Madrid Stock Exchange,Europe/Madrid
BMV,Mexican Stock Exchange,America/Mexico_City
BSE,Bombay Stock Exchange,Asia/Kolkata
CBOE,BATS Global Markets,America/New_York
CNSX,Canadian Securities Exchange,America/Toronto
FRX,Frankfurt Stock Exchange,Europe/Berlin
GER,Deutsche BÃ¶rse XETRA,Europe/Berlin
GPW,Warsaw Stock Exchange,Europe/Warsaw
HKEX,Hong Kong Stock Exchange,Asia/Hong_Kong
ICEX,Iceland Stock Exchange,Europe/London
IDX,Jakarta Stock Exchange,Asia/Jakarta
INDEXASX,,Australia/Sydney
INDEXBIT,,Europe/Rome
INDEXBME,,Europe/Madrid
INDEXBOM,,Asia/Kolkata
INDEXBVMF,,America/Sao_Paulo
INDEXCBOE,,America/New_York
INDEXCME,,America/New_York
INDEXDB,,Europe/Berlin
INDEXDJX,,America/New_York
INDEXEURO,,Europe/Amsterdam
INDEXEUROCORE,,Europe/Paris
INDEXFTSE,,Europe/London
INDEXHANGSENG,,Asia/Hong_Kong
INDEXNASDAQ,,America/New_York
INDEXNIKKEI,,Asia/Tokyo
INDEXNYSEGIS,,America/New_York
INDEXRUSSELL,,America/New_York
INDEXSHE,,Asia/Shanghai
INDEXSP,,America/New_York
INDEXSTOXX,,Europe/Berlin
INDEXSWX,,Europe/Zurich
INDEXTSI,,America/Toronto
INDEXVIE,,Europe/Vienna
JPX,Tokyo Stock Exchange,Asia/Tokyo
JSE,Johannesburg Stock Exchange,Africa/Johannesburg
KRX,Korean Stock Exchange,Asia/Seoul
LSE,London Stock Exchange,Europe/London
MOEX,Moscow Stock Exchange,Europe/Moscow
MTA,Milan Stock Exchange,Europe/Rome
MUTF,US Mutual Fund,America/New_York
MYX,Malaysia Stock Exchange,Asia/Kuala_Lumpur
N/A,N/A,Europe/Zurich
NASDAQ,NASDAQ Stock Exchange,America/New_York
NSE,National Stock Exchange of India,Asia/Kolkata
NYSE,New York Stock Exchange,America/New_York
NYSEAMERICAN,NYSE American Stock Exchange,America/New_York
NYSEARCA,NYSE Arca (Archipelago Exchange),America/New_York
NZX,New Zealand Stock Exchange,Pacific/Auckland
OMX,Stockholm Stock Exchange,Europe/Stockholm
OMXC,Copenhagen Stock Exchange,Europe/Copenhagen
OMXH,Helsinki Stock Exchange,Europe/Helsinki
OMXT,Tallinn Stock Exchange,Europe/Tallinn
OTC,OTC Markets Group,America/New_York
PAR,Euronext Paris,Europe/Paris
QE,Qatar,Asia/Qatar
SAO,Sao Paolo Stock Exchange,America/Sao_Paulo
SET,Stock Exchange of Thailand,Asia/Bangkok
SGX,Singapore Stock Exchange,Asia/Singapore
SIX,SIX Swiss Exchange,Europe/Zurich
SZSE,Shenzhen Stock Exchange,Asia/Shanghai
TADAWUL,Saudi Stock Exchange,Asia/Riyadh
TASE,Tel Aviv Stock Exchange,Asia/Jerusalem
TSX,Toronto Stock Exchange,America/Toronto
TWSE,Taiwan Stock Exchange,Asia/Taipei
VSE,Vienna Stock Exchange,Europe/Vienna
XBRS,Brussels Stock Exchange,Europe/Brussels
XTSX,TSX Venture Exchange,America/Toronto
